clinic_name,website_url,city,phone,email,google_rating,google_review_count,instagram_handle,instagram_followers,has_online_booking,has_whatsapp,has_financing,mentions_implants,mentions_invisalign,mentions_carillas,has_gallery,website_quality,multi_location,num_locations,icp_score,notes
Clínica Dental Carralero en Xàtiva | Dentistas en Xàtiva,https://www.clinicadentalcarralero.com,Barcelona,648797349,info@dentalcarralero.com,0,0,@dentalcarralero,0,True,True,True,True,True,True,True,modern,True,1,100,Scraped: 2026-01-21
"Clinica maxilofacial, dental e implantología en Barcelona",https://www.birbe.org,Barcelona,+34 626 852 363,clinica@birbe.org,0,0,@clinica_birbe,0,True,True,True,True,True,True,True,modern,True,5,100,Scraped: 2026-01-21
Ull Dent | Clínica dental y medicina estética | Clínica Dental Badalona,https://www.dentistaenbadalona.com,Barcelona,986486056,info@ulldent.es,0,0,@clinica_dental_ulldent,0,True,True,True,True,True,True,True,modern,True,1,100,Scraped: 2026-01-21
Clínica dental en Tarragona | Clínica Curull dentistas,https://www.clinicacurull.com,Barcelona,864144292,info@clinicacurull.com,0,0,@clinica_curull_tarragona,0,True,True,True,True,True,True,True,modern,True,1,100,Scraped: 2026-01-21
Face Clinic España - Clínicas de Cirugía y Medicina Avanzada,https://www.faceclinic.es,Barcelona,666666666,,0,0,@faceclinicspain,0,True,True,True,True,True,True,True,modern,True,1,100,Scraped: 2026-01-21
Ull Dent | Clínica dental y medicina estética | Clínica Dental Badalona,https://www.clinicadentalbadalona.com,Barcelona,986486056,info@ulldent.es,0,0,@clinica_dental_ulldent,0,True,True,True,True,True,True,True,modern,True,1,100,Scraped: 2026-01-21
Dental Company | Dentistas Especializados,https://www.dentalcompany.es,Barcelona,986302373,,0,0,@dental_company,0,True,True,True,True,True,True,False,modern,True,1,95,Scraped: 2026-01-21
Tu dentista de confianza en Dentisalut Barcelona,https://www.dentisalut.com,Barcelona,+34930252632,,0,0,,0,True,True,True,True,True,True,True,modern,True,10,90,Scraped: 2026-01-21
Clínica dental Madrid - Dentistas Madrid - Ferrus&Bratos,https://www.clinicaferrusbratos.com,Barcelona,+34 917681812,atpcaleruega@clinicaferrusbratos.com,0,0,@clinicaferrusbratos,0,False,True,True,True,True,True,True,modern,True,1,85,Scraped: 2026-01-21
"▷ Clínicas Propdental en Barcelona, Badalona y Hospitalet",https://www.propdental.es,Barcelona,656730731,,0,0,@propdental,0,False,True,True,True,True,True,True,modern,True,20,85,Scraped: 2026-01-21
▷ Ortodoncia Barcelona | Especialistas en Ortodoncia Barcelona,https://www.ortodonciainvisiblebarcelona.com,Barcelona,934142312,,0,0,@ortodonciatrestorres,0,True,False,True,False,True,True,True,modern,True,20,85,Scraped: 2026-01-21
▷ Ortodoncia Barcelona | Especialistas en Ortodoncia Barcelona,https://www.ortodonciatrestorres.com,Barcelona,934142312,,0,0,@ortodonciatrestorres,0,True,False,True,False,True,True,True,modern,True,20,85,Scraped: 2026-01-21
Clinica dental del bruc,https://www.dentalbruc.com,Barcelona,929 333 958,clinica@dentalbruc.com,0,0,@clinicadentaldelbruc,0,True,True,False,True,True,True,False,modern,True,1,85,Scraped: 2026-01-21
Clínica Dental Terrassa Dr. Montané - Dentista Terrassa,https://www.clinicadentalterrassa.es,Barcelona,937337866,info@clinicadentalmontane.com,0,0,@clinicadentalmontane,0,True,False,False,True,True,True,False,modern,True,2,80,Scraped: 2026-01-21
Clínica dental en Castellbisbal – Tu dentista de confianza en Castellbisbal,https://www.artdental.es,Barcelona,676972867,info@art-dental.cat,0,0,@artdentalcastellbisbal,0,False,True,True,True,True,True,False,modern,True,2,80,Scraped: 2026-01-21
Inicio - Clínica dental Mataró,https://www.clinicadentalmataro.com,Barcelona,897133338,info@clinicadentalmataro.com,0,0,@clinicadentalmataro,0,False,True,True,True,True,True,False,modern,True,1,80,Scraped: 2026-01-21
Clínica Dental Terrassa Dr. Montané - Dentista Terrassa,https://www.terrassadental.com,Barcelona,937337866,info@clinicadentalmontane.com,0,0,@clinicadentalmontane,0,True,False,False,True,True,True,False,modern,True,2,80,Scraped: 2026-01-21
Clínica Dental Terrassa Dr. Montané - Dentista Terrassa,https://www.clinicadentalmontane.com,Barcelona,937337866,info@clinicadentalmontane.com,0,0,@clinicadentalmontane,0,True,False,False,True,True,True,False,modern,True,2,80,Scraped: 2026-01-21
"Clínicas Santident. Clínica Dental Picanya, Cheste y Paterna",https://www.santident.com,Barcelona,+34 961 084 636,info@santident.com,0,0,@santident.dental,0,False,True,False,True,True,True,True,modern,True,1,75,Scraped: 2026-01-21
Principal Página - Clinica Dental,https://www.clinicadentalbarceloneta.com,Barcelona,945080437,info@clinicadentalbarceloneta.com,0,0,@clinica_dental_barceloneta,0,False,True,False,True,True,True,True,modern,True,5,75,Scraped: 2026-01-21
"Contacto por WhatsApp | Misitio – Arenys de Mar, España",https://www.dentalmar.es,Barcelona,937959700,dentalmararenys@gmail.com,0,0,@dentalmararenys,0,False,True,False,True,True,True,True,modern,True,1,75,Scraped: 2026-01-21
Home - Instituto de Implantologia,https://www.institutoimplantologia.com,Barcelona,666666666,md@institutodeimplantologia.pt,0,0,@institutoimplantologia,0,False,True,False,True,True,True,True,modern,False,1,65,Scraped: 2026-01-21
"Dental Gracia – Tu sonrisa en las mejores manos en Vallecas – En Dental Gracia cuidamos tu salud bucal con profesionalidad, cercanía y tecnología de vanguardia. Tratamientos personalizados para que vuelvas a sonreír con confianza.",https://www.dentalgracia.com,Barcelona,+34919428529,,0,0,,0,True,False,False,True,True,True,True,modern,False,1,65,Scraped: 2026-01-21
Dentista en Barcelona | Pide tu Cita Ahora | CLÃNICA DENTAL TOP,https://www.dentistaenbarcelona.es,Barcelona,,,0,0,@cabecerandental,0,False,False,False,True,True,True,True,modern,False,1,60,Scraped: 2026-01-21
